{
  "ad_id": 482.64954922641573,
  "impressions_device_device_target_enc": 607956.235249552,
  "user_ctr_overall": 360967.3388006615,
  "time_since_last_click": 736277.098369062,
  "impressions_ad_id_ad_target_enc": 12956.476125116504,
  "impressions_user_id_user_target_enc": 14584.701365874267,
  "user_id_target_enc": 46018.51272494803,
  "user_activity_level": 25505.923973950394,
  "impressions_user_id_user": 104122.6729520533,
  "ctr_ad_id_ad": 7742.127753780765,
  "impressions_user_id_user_freq": 25993.637977331877,
  "site_id_target_enc": 6774.3699042839,
  "user_activity_level_freq": 8185.864329118422,
  "ctr_user_id_user": 12050.886515140144,
  "C21": 162.63145521725528,
  "C14": 86.217280626297,
  "C19": 602.2153833252924,
  "ad_impression_count": 303.92370951026805,
  "site_id_hash_0": 52.57127559185028,
  "C17_freq": 188.57370469635316,
  "impressions_device_device": 5249.536086567705,
  "C16": 2.306570053100586,
  "impressions_user_id_user_hash_0": 35.24508599424735,
  "device_id_freq": 1379.76717818859,
  "ad_id_freq": 253.55618703364917,
  "site_domain_hash_1": 0.0,
  "C18": 18.738142162561417,
  "C20": 90.2230261489749,
  "user_id_hash_1": 19.63329437961511,
  "impressions_ad_id_ad": 831.7188807090479,
  "time_since_last_impression": 4963.030125439167
}